type,name,module,path,hash
"csv","agent-manifest","_cfg","bmad/_cfg/agent-manifest.csv","6a84ef38e977fba4d49eba659b87a69582df1a742e979285b4abab93c8444dcb"
"csv","task-manifest","_cfg","bmad/_cfg/task-manifest.csv","7fccf1cdffa6d592342f9edd9e13c042fffea2dbcbb79b043fbd69a7e610c875"
"csv","workflow-manifest","_cfg","bmad/_cfg/workflow-manifest.csv","e3cf1bfb7abe17e97aa1c7b0f84af6af404ee1da81a2cb4c37fcb5e5b0240fd0"
"yaml","manifest","_cfg","bmad/_cfg/manifest.yaml","9c5d5a97862bc6806c7baecb0d92934d85f4c4d0f4c3f96db79a03095065ede4"
"csv","default-party","bmm","bmad/bmm/teams/default-party.csv","5cac772c6ca7510b511c90f3e5c135cd42dc0ab567a6ded3c3cfb4fb032f2f6e"
"csv","documentation-requirements","bmm","bmad/bmm/workflows/document-project/documentation-requirements.csv","d1253b99e88250f2130516b56027ed706e643bfec3d99316727a4c6ec65c6c1d"
"csv","domain-complexity","bmm","bmad/bmm/workflows/2-plan-workflows/prd/domain-complexity.csv","ed4d30e9fd87db2d628fb66cac7a302823ef6ebb3a8da53b9265326f10a54e11"
"csv","pattern-categories","bmm","bmad/bmm/workflows/3-solutioning/architecture/pattern-categories.csv","d9a275931bfed32a65106ce374f2bf8e48ecc9327102a08f53b25818a8c78c04"
"csv","project-types","bmm","bmad/bmm/workflows/2-plan-workflows/prd/project-types.csv","7a01d336e940fb7a59ff450064fd1194cdedda316370d939264a0a0adcc0aca3"
"csv","tea-index","bmm","bmad/bmm/testarch/tea-index.csv","23b0e383d06e039a77bb1611b168a2bb5323ed044619a592ac64e36911066c83"
"excalidraw","workflow-method-greenfield","bmm","bmad/bmm/docs/images/workflow-method-greenfield.excalidraw","5bbcdb2e97b56f844447c82c210975f1aa5ce7e82ec268390a64a75e5d5a48ed"
"json","excalidraw-library","bmm","bmad/bmm/workflows/diagrams/_shared/excalidraw-library.json","8e5079f4e79ff17f4781358423f2126a1f14ab48bbdee18fd28943865722030c"
"json","project-scan-report-schema","bmm","bmad/bmm/workflows/document-project/templates/project-scan-report-schema.json","53255f15a10cab801a1d75b4318cdb0095eed08c51b3323b7e6c236ae6b399b7"
"md","agents-guide","bmm","bmad/bmm/docs/agents-guide.md","c70830b78fa3986d89400bbbc6b60dae1ff2ff0e55e3416f6a2794079ead870e"
"md","analyst","bmm","bmad/bmm/agents/analyst.md","d7e80877912751c1726fee19a977fbfaf1d245846dae4c0f18119bbc96f1bb90"
"md","architect","bmm","bmad/bmm/agents/architect.md","c54743457c1b8a06878c9c66ba4312f8eff340d3ec199293ce008a7c5d0760f9"
"md","architecture-template","bmm","bmad/bmm/workflows/3-solutioning/architecture/architecture-template.md","a4908c181b04483c589ece1eb09a39f835b8a0dcb871cb624897531c371f5166"
"md","atdd-checklist-template","bmm","bmad/bmm/workflows/testarch/atdd/atdd-checklist-template.md","9944d7b488669bbc6e9ef537566eb2744e2541dad30a9b2d9d4ae4762f66b337"
"md","backlog_template","bmm","bmad/bmm/workflows/4-implementation/code-review/backlog_template.md","84b1381c05012999ff9a8b036b11c8aa2f926db4d840d256b56d2fa5c11f4ef7"
"md","brownfield-guide","bmm","bmad/bmm/docs/brownfield-guide.md","8cc867f2a347579ca2d4f3965bb16b85924fabc65fe68fa213d8583a990aacd6"
"md","checklist","bmm","bmad/bmm/workflows/1-analysis/product-brief/checklist.md","d801d792e3cf6f4b3e4c5f264d39a18b2992a197bc347e6d0389cc7b6c5905de"
"md","checklist","bmm","bmad/bmm/workflows/1-analysis/research/checklist.md","eca09a6e7fc21316b11c022395b729dd56a615cbe483932ba65e1c11be9d95ed"
"md","checklist","bmm","bmad/bmm/workflows/2-plan-workflows/create-ux-design/checklist.md","1aa5bc2ad9409fab750ce55475a69ec47b7cdb5f4eac93b628bb5d9d3ea9dacb"
"md","checklist","bmm","bmad/bmm/workflows/2-plan-workflows/prd/checklist.md","9c3f0452b3b520ac2e975bf8b3e0325f07c40ff45d20f79aad610e489167770e"
"md","checklist","bmm","bmad/bmm/workflows/2-plan-workflows/tech-spec/checklist.md","905a709418504f88775c37e46d89164f064fb4fefc199dab55e568ef67bde06b"
"md","checklist","bmm","bmad/bmm/workflows/3-solutioning/architecture/checklist.md","625df65f77ceaf7193cdac0e7bc0ffda39bf6b18f698859b10c50c2588a5dc56"
"md","checklist","bmm","bmad/bmm/workflows/3-solutioning/implementation-readiness/checklist.md","6024d4064ad1010a9bbdbaa830c01adba27c1aba6bf0153d88eee460427af799"
"md","checklist","bmm","bmad/bmm/workflows/4-implementation/code-review/checklist.md","549f958bfe0b28f33ed3dac7b76ea8f266630b3e67f4bda2d4ae85be518d3c89"
"md","checklist","bmm","bmad/bmm/workflows/4-implementation/correct-course/checklist.md","c02bdd4bf4b1f8ea8f7c7babaa485d95f7837818e74cef07486a20b31671f6f5"
"md","checklist","bmm","bmad/bmm/workflows/4-implementation/create-story/checklist.md","e3a636b15f010fc0c337e35c2a9427d4a0b9746f7f2ac5dda0b2f309f469f5d1"
"md","checklist","bmm","bmad/bmm/workflows/4-implementation/dev-story/checklist.md","77cecc9d45050de194300c841e7d8a11f6376e2fbe0a5aac33bb2953b1026014"
"md","checklist","bmm","bmad/bmm/workflows/4-implementation/epic-tech-context/checklist.md","630a0c5b75ea848a74532f8756f01ec12d4f93705a3f61fcde28bc42cdcb3cf3"
"md","checklist","bmm","bmad/bmm/workflows/4-implementation/sprint-planning/checklist.md","80b10aedcf88ab1641b8e5f99c9a400c8fd9014f13ca65befc5c83992e367dd7"
"md","checklist","bmm","bmad/bmm/workflows/4-implementation/story-context/checklist.md","29f17f8b5c0c4ded3f9ca7020b5a950ef05ae3c62c3fadc34fc41b0c129e13ca"
"md","checklist","bmm","bmad/bmm/workflows/diagrams/create-dataflow/checklist.md","f420aaf346833dfda5454ffec9f90a680e903453bcc4d3e277d089e6781fec55"
"md","checklist","bmm","bmad/bmm/workflows/diagrams/create-diagram/checklist.md","6357350a6e2237c1b819edd8fc847e376192bf802000cb1a4337c9584fc91a18"
"md","checklist","bmm","bmad/bmm/workflows/diagrams/create-flowchart/checklist.md","45aaf882b8e9a1042683406ae2cfc0b23d3d39bd1dac3ddb0778d5b7165f7047"
"md","checklist","bmm","bmad/bmm/workflows/diagrams/create-wireframe/checklist.md","588f9354bf366c173aa261cf5a8b3a87c878ea72fd2c0f8088c4b3289e984641"
"md","checklist","bmm","bmad/bmm/workflows/document-project/checklist.md","2f1edb9e5e0b003f518b333ae842f344ff94d4dda7df07ba7f30c5b066013a68"
"md","checklist","bmm","bmad/bmm/workflows/testarch/atdd/checklist.md","c4fa594d949dd8f1f818c11054b28643b458ab05ed90cf65f118deb1f4818e9f"
"md","checklist","bmm","bmad/bmm/workflows/testarch/automate/checklist.md","bf1ae220c15c9f263967d1606658b19adcd37d57aef2b0faa30d34f01e5b0d22"
"md","checklist","bmm","bmad/bmm/workflows/testarch/ci/checklist.md","c40143aaf0e34c264a2f737e14a50ec85d861bda78235cf01a3c63413d996dc8"
"md","checklist","bmm","bmad/bmm/workflows/testarch/framework/checklist.md","16cc3aee710abb60fb85d2e92f0010b280e66b38fac963c0955fb36e7417103a"
"md","checklist","bmm","bmad/bmm/workflows/testarch/nfr-assess/checklist.md","044416df40402db39eb660509eedadafc292c16edc247cf93812f2a325ee032c"
"md","checklist","bmm","bmad/bmm/workflows/testarch/test-design/checklist.md","1a7e5e975d5a2bd3afd81e743e5ee3a2aa72571fce250caac24a6643808394eb"
"md","checklist","bmm","bmad/bmm/workflows/testarch/test-review/checklist.md","0626c675114c23019e20e4ae2330a64baba43ad11774ff268c027b3c584a0891"
"md","checklist","bmm","bmad/bmm/workflows/testarch/trace/checklist.md","a4468ae2afa9cf676310ec1351bb34317d5390e4a02ded9684cc15a62f2fd4fd"
"md","checklist-deep-prompt","bmm","bmad/bmm/workflows/1-analysis/research/checklist-deep-prompt.md","5caaa34bd252cf26e50f75d25b6cff8cfaf2f56615f1141cd75225e7d8e9b00a"
"md","checklist-technical","bmm","bmad/bmm/workflows/1-analysis/research/checklist-technical.md","aab903438d953c3b3f5a9b1090346452077db4e3cda3ce5af3a564b52b4487fc"
"md","ci-burn-in","bmm","bmad/bmm/testarch/knowledge/ci-burn-in.md","de0092c37ea5c24b40a1aff90c5560bbe0c6cc31702de55d4ea58c56a2e109af"
"md","component-tdd","bmm","bmad/bmm/testarch/knowledge/component-tdd.md","88bd1f9ca1d5bcd1552828845fe80b86ff3acdf071bac574eda744caf7120ef8"
"md","contract-testing","bmm","bmad/bmm/testarch/knowledge/contract-testing.md","d8f662c286b2ea4772213541c43aebef006ab6b46e8737ebdc4a414621895599"
"md","data-factories","bmm","bmad/bmm/testarch/knowledge/data-factories.md","d7428fe7675da02b6f5c4c03213fc5e542063f61ab033efb47c1c5669b835d88"
"md","deep-dive-instructions","bmm","bmad/bmm/workflows/document-project/workflows/deep-dive-instructions.md","a567fc43c918ca3f77440e75ce2ac7779740550ad848cade130cca1837115c1e"
"md","deep-dive-template","bmm","bmad/bmm/workflows/document-project/templates/deep-dive-template.md","6198aa731d87d6a318b5b8d180fc29b9aa53ff0966e02391c17333818e94ffe9"
"md","dev","bmm","bmad/bmm/agents/dev.md","419c598db6f7d4672b81f1e70d2d76182857968c04ed98175e98ddbf90c134d4"
"md","documentation-standards","bmm","bmad/bmm/workflows/techdoc/documentation-standards.md","fc26d4daff6b5a73eb7964eacba6a4f5cf8f9810a8c41b6949c4023a4176d853"
"md","email-auth","bmm","bmad/bmm/testarch/knowledge/email-auth.md","43f4cc3138a905a91f4a69f358be6664a790b192811b4dfc238188e826f6b41b"
"md","enterprise-agentic-development","bmm","bmad/bmm/docs/enterprise-agentic-development.md","260b02514513338ec6712810abd1646ac4416cafce87db0ff6ddde6f824d8fd7"
"md","epics-template","bmm","bmad/bmm/workflows/2-plan-workflows/tech-spec/epics-template.md","2eb396607543da58e6accdf0617773d9db059632ef8cb069ec745b790274704c"
"md","epics-template","bmm","bmad/bmm/workflows/3-solutioning/create-epics-and-stories/epics-template.md","9adb82dfce092b40756578c15eddab540c5c987abd7fcc323f3d76b2999eb115"
"md","error-handling","bmm","bmad/bmm/testarch/knowledge/error-handling.md","8a314eafb31e78020e2709d88aaf4445160cbefb3aba788b62d1701557eb81c1"
"md","faq","bmm","bmad/bmm/docs/faq.md","ae791150e73625c79a93f07e9385f45b7c2026676071a0e7de6bc4ebebb317cf"
"md","feature-flags","bmm","bmad/bmm/testarch/knowledge/feature-flags.md","f6db7e8de2b63ce40a1ceb120a4055fbc2c29454ad8fca5db4e8c065d98f6f49"
"md","fixture-architecture","bmm","bmad/bmm/testarch/knowledge/fixture-architecture.md","a3b6c1bcaf5e925068f3806a3d2179ac11dde7149e404bc4bb5602afb7392501"
"md","full-scan-instructions","bmm","bmad/bmm/workflows/document-project/workflows/full-scan-instructions.md","6c6e0d77b33f41757eed8ebf436d4def69cd6ce412395b047bf5909f66d876aa"
"md","glossary","bmm","bmad/bmm/docs/glossary.md","f194e68adad2458d6bdd41f4b4fab95c241790cf243807748f4ca3f35cef6676"
"md","index-template","bmm","bmad/bmm/workflows/document-project/templates/index-template.md","42c8a14f53088e4fda82f26a3fe41dc8a89d4bcb7a9659dd696136378b64ee90"
"md","instructions","bmm","bmad/bmm/workflows/1-analysis/brainstorm-project/instructions.md","bedd2e74055a9b9d6516221f4788286b313353fc636d3bc43ec147c3e27eba72"
"md","instructions","bmm","bmad/bmm/workflows/1-analysis/domain-research/instructions.md","12068fa7f84b41ab922a1b4e8e9b2ef8bcb922501d2470a3221b457dd5d05384"
"md","instructions","bmm","bmad/bmm/workflows/1-analysis/product-brief/instructions.md","d68bc5aaf6acc38d185c8cb888bb4f4ca3fb53b05f73895c37f4dcfc5452f9ee"
"md","instructions","bmm","bmad/bmm/workflows/2-plan-workflows/create-ux-design/instructions.md","40d5e921c28c3cd83ec8d7e699fc72d182e8611851033057bab29f304dd604c4"
"md","instructions","bmm","bmad/bmm/workflows/2-plan-workflows/prd/instructions.md","cf7f00a321b830768be65d37747d0ed4d35bab8a314c0865375a1dc386f58e0e"
"md","instructions","bmm","bmad/bmm/workflows/2-plan-workflows/tech-spec/instructions.md","d8f46330cb32c052549abb2bd0c5034fd15b97622ba66c82b8119fa70a91af04"
"md","instructions","bmm","bmad/bmm/workflows/3-solutioning/architecture/instructions.md","a5d71dc77c15138ac208c1b20bc525b299fef188fc0cba232a38b936caa9fa7b"
"md","instructions","bmm","bmad/bmm/workflows/3-solutioning/create-epics-and-stories/instructions.md","e46c893a0a6ae1976564fe41825320ed1d0df916e5a503155258c4cd5f4a9004"
"md","instructions","bmm","bmad/bmm/workflows/3-solutioning/implementation-readiness/instructions.md","d000a383dffcd6606a4984fa332cc6294d784f1db841739161c0cde030613c49"
"md","instructions","bmm","bmad/bmm/workflows/4-implementation/code-review/instructions.md","608b47fd427649324ece2a5e687d40a99705b06d757f4ba5db5c261985482e41"
"md","instructions","bmm","bmad/bmm/workflows/4-implementation/correct-course/instructions.md","36bdc26a75adcba6aba508f3384512502d6640f96926742666e026f1eb380666"
"md","instructions","bmm","bmad/bmm/workflows/4-implementation/create-story/instructions.md","38179e6b27b944e54bab9d69a12c0945893d70653899b13a5dc33adcc8129dce"
"md","instructions","bmm","bmad/bmm/workflows/4-implementation/dev-story/instructions.md","b3126a4f11f089601297276da36ad3d5e3777973500032e37cb1754b202a3ae4"
"md","instructions","bmm","bmad/bmm/workflows/4-implementation/epic-tech-context/instructions.md","9269596a5626c328963f5362a564f698dbfed7c6a9ef4e4f58d19621b1a664ca"
"md","instructions","bmm","bmad/bmm/workflows/4-implementation/retrospective/instructions.md","affe11f9528d7ed244a5def0209097826686ef39626c8219c23f5174b0e657cb"
"md","instructions","bmm","bmad/bmm/workflows/4-implementation/sprint-planning/instructions.md","0456996ca4dc38e832d64b72650c4f6f1048c0ce6e8d996a5a0ec16bc9a589f5"
"md","instructions","bmm","bmad/bmm/workflows/4-implementation/story-context/instructions.md","d7a522e129bd0575f6ffbd19f23bf4fba619a7ce4d007a4c81007b3925dd4389"
"md","instructions","bmm","bmad/bmm/workflows/4-implementation/story-done/instructions.md","52163e1df2e75f1d34cad513b386ac73bada53784e827cca28d0ea9f05dc8ec4"
"md","instructions","bmm","bmad/bmm/workflows/4-implementation/story-ready/instructions.md","21e20a6ba037962b8cf6d818f1f35bf0303232c406e469b2f2e60e9ca3a01a3d"
"md","instructions","bmm","bmad/bmm/workflows/diagrams/create-dataflow/instructions.md","d07ed411e68fce925af5e59800e718406a783f8b94dadaa42425f3a33f460637"
"md","instructions","bmm","bmad/bmm/workflows/diagrams/create-diagram/instructions.md","231d3ce0f0fe0f8af9010acebf2720eb858a45ea34cd1e7ec8385878bcd5e27f"
"md","instructions","bmm","bmad/bmm/workflows/diagrams/create-flowchart/instructions.md","36e8b3327dd6c97270f11de6f3bea346c17dd1b0e25fef65245fe166b00a2543"
"md","instructions","bmm","bmad/bmm/workflows/diagrams/create-wireframe/instructions.md","60309b71a73d1bee9804aaf63228c917066b8da64b929b32813b1d0411a8b8b2"
"md","instructions","bmm","bmad/bmm/workflows/document-project/instructions.md","c67bd666382131bead7d4ace1ac6f0c9acd2d1d1b2a82314b4b90bda3a15eeb4"
"md","instructions","bmm","bmad/bmm/workflows/testarch/atdd/instructions.md","dcd052e78a069e9548d66ba679ed5db66e94b8ef5b3a02696837b77a641abcad"
"md","instructions","bmm","bmad/bmm/workflows/testarch/automate/instructions.md","8e6cb0167b14b345946bb7e46ab2fb02a9ff2faab9c3de34848e2d4586626960"
"md","instructions","bmm","bmad/bmm/workflows/testarch/ci/instructions.md","abdf97208c19d0cb76f9e5387613a730e56ddd90eb87523a8c8f1b03f20647a3"
"md","instructions","bmm","bmad/bmm/workflows/testarch/framework/instructions.md","936b9770dca2c65b38bc33e2e85ccf61e0b5722fc046eeae159a3efcbc361e30"
"md","instructions","bmm","bmad/bmm/workflows/testarch/nfr-assess/instructions.md","7de16907253721c8baae2612be35325c6fa543765377783763a09739fa71f072"
"md","instructions","bmm","bmad/bmm/workflows/testarch/test-design/instructions.md","effd3832628d45caecdb7cef43e0cdc8b8b928418b752feaa9f30398b7a4c0f7"
"md","instructions","bmm","bmad/bmm/workflows/testarch/test-review/instructions.md","ab2f7adfd106652014a1573e2557cfd4c9d0f7017258d68abf8b1470ab82720e"
"md","instructions","bmm","bmad/bmm/workflows/testarch/trace/instructions.md","fe499a09c4bebbff0a0bce763ced2c36bee5c36b268a4abb4e964a309ff2fa20"
"md","instructions","bmm","bmad/bmm/workflows/workflow-status/init/instructions.md","37988b39d3813d1da879d4348c9606c3cd9f1a9f02cfa56a03b3a5cad344c4a6"
"md","instructions","bmm","bmad/bmm/workflows/workflow-status/instructions.md","567a9ea03b3a6625194fb5a3901d8eb96dd203d0e59de4bfcdc2dcab8dd97231"
"md","instructions-deep-prompt","bmm","bmad/bmm/workflows/1-analysis/research/instructions-deep-prompt.md","3312f8b35fe8e1a2ed4a6d3500be237fcee2f935d20ad5b2ae4e6c5bfed19ba6"
"md","instructions-generate-stories","bmm","bmad/bmm/workflows/2-plan-workflows/tech-spec/instructions-generate-stories.md","30c313a4525001bde80a4786791953017c366abd5b5effa5b61f7686fc3d1043"
"md","instructions-market","bmm","bmad/bmm/workflows/1-analysis/research/instructions-market.md","ff67aa72126a60ab718da7acc12de40b58b313e9cfd519ad0ab657b025cc53ac"
"md","instructions-router","bmm","bmad/bmm/workflows/1-analysis/research/instructions-router.md","90644e9c1f1d48c0b50fec35ddfaab3c0f1eb14c0c5e5b0562bf9fa0f3e761e2"
"md","instructions-technical","bmm","bmad/bmm/workflows/1-analysis/research/instructions-technical.md","4140a69386d0b11b4732ae6610a8ee5ed86bf788ef622a851c3141cf2c9af410"
"md","network-first","bmm","bmad/bmm/testarch/knowledge/network-first.md","2920e58e145626f5505bcb75e263dbd0e6ac79a8c4c2ec138f5329e06a6ac014"
"md","nfr-criteria","bmm","bmad/bmm/testarch/knowledge/nfr-criteria.md","e63cee4a0193e4858c8f70ff33a497a1b97d13a69da66f60ed5c9a9853025aa1"
"md","nfr-report-template","bmm","bmad/bmm/workflows/testarch/nfr-assess/nfr-report-template.md","b1d8fcbdfc9715a285a58cb161242dea7d311171c09a2caab118ad8ace62b80c"
"md","party-mode","bmm","bmad/bmm/docs/party-mode.md","7acadc96c7235695a88cba42b5642e1ee3a7f96eb2264862f629e1d4280b9761"
"md","playwright-config","bmm","bmad/bmm/testarch/knowledge/playwright-config.md","42516511104a7131775f4446196cf9e5dd3295ba3272d5a5030660b1dffaa69f"
"md","pm","bmm","bmad/bmm/agents/pm.md","f37c60e29e8c12c3144b0539bafada607c956763a56a8ff96ee25c98d588a357"
"md","prd-template","bmm","bmad/bmm/workflows/2-plan-workflows/prd/prd-template.md","456f63362fe44789593e65749244dbf8e0089562c5f6032c500f3b014e0d5bdc"
"md","probability-impact","bmm","bmad/bmm/testarch/knowledge/probability-impact.md","446dba0caa1eb162734514f35366f8c38ed3666528b0b5e16c7f03fd3c537d0f"
"md","project-context","bmm","bmad/bmm/workflows/1-analysis/brainstorm-project/project-context.md","0f1888da4bfc4f24c4de9477bd3ccb2a6fb7aa83c516dfdc1f98fbd08846d4ba"
"md","project-overview-template","bmm","bmad/bmm/workflows/document-project/templates/project-overview-template.md","a7c7325b75a5a678dca391b9b69b1e3409cfbe6da95e70443ed3ace164e287b2"
"md","quick-spec-flow","bmm","bmad/bmm/docs/quick-spec-flow.md","215d508d27ea94e0091fc32f8dce22fadf990b3b9d8b397e2c393436934f85af"
"md","quick-start","bmm","bmad/bmm/docs/quick-start.md","d3d327c8743136c11c24bde16297bf4cb44953629c1f4a931dc3ef3fb12765e4"
"md","README","bmm","bmad/bmm/README.md","ad4e6d0c002e3a5fef1b695bda79e245fe5a43345375c699165b32d6fc511457"
"md","README","bmm","bmad/bmm/docs/README.md","431c50b8acf7142eb6e167618538ece6bcda8bcd5d7b681a302cf866335e916e"
"md","risk-governance","bmm","bmad/bmm/testarch/knowledge/risk-governance.md","2fa2bc3979c4f6d4e1dec09facb2d446f2a4fbc80107b11fc41cbef2b8d65d68"
"md","scale-adaptive-system","bmm","bmad/bmm/docs/scale-adaptive-system.md","eb91f9859066f6f1214ac2e02178bc9c766cb96828380e730c79aee361582d8d"
"md","selective-testing","bmm","bmad/bmm/testarch/knowledge/selective-testing.md","c14c8e1bcc309dbb86a60f65bc921abf5a855c18a753e0c0654a108eb3eb1f1c"
"md","selector-resilience","bmm","bmad/bmm/testarch/knowledge/selector-resilience.md","a55c25a340f1cd10811802665754a3f4eab0c82868fea61fea9cc61aa47ac179"
"md","sm","bmm","bmad/bmm/agents/sm.md","42fb37e9d1fb5174581db4d33c8037fa5995a7ca9dfc5ca737bc0994c99c2dd4"
"md","source-tree-template","bmm","bmad/bmm/workflows/document-project/templates/source-tree-template.md","109bc335ebb22f932b37c24cdc777a351264191825444a4d147c9b82a1e2ad7a"
"md","tea","bmm","bmad/bmm/agents/tea.md","90fbe1b2c51c2191cfcc75835e569a230a91f604bacd291d10ba3a6254e2aaf0"
"md","tech-spec-template","bmm","bmad/bmm/workflows/2-plan-workflows/tech-spec/tech-spec-template.md","2b07373b7b23f71849f107b8fd4356fef71ba5ad88d7f333f05547da1d3be313"
"md","tech-writer","bmm","bmad/bmm/agents/tech-writer.md","6825923d37347acd470211bd38086c40b3f99c81952df6f890399b6e089613e4"
"md","template","bmm","bmad/bmm/workflows/1-analysis/domain-research/template.md","5606843f77007d886cc7ecf1fcfddd1f6dfa3be599239c67eff1d8e40585b083"
"md","template","bmm","bmad/bmm/workflows/1-analysis/product-brief/template.md","96f89df7a4dabac6400de0f1d1abe1f2d4713b76fe9433f31c8a885e20d5a5b4"
"md","template","bmm","bmad/bmm/workflows/3-solutioning/implementation-readiness/template.md","d8e5fdd62adf9836f7f6cccd487df9b260b392da2e45d2c849ecc667b9869427"
"md","template","bmm","bmad/bmm/workflows/4-implementation/create-story/template.md","83c5d21312c0f2060888a2a8ba8332b60f7e5ebeb9b24c9ee59ba96114afb9c9"
"md","template","bmm","bmad/bmm/workflows/4-implementation/epic-tech-context/template.md","b5c5d0686453b7c9880d5b45727023f2f6f8d6e491b47267efa8f968f20074e3"
"md","template-deep-prompt","bmm","bmad/bmm/workflows/1-analysis/research/template-deep-prompt.md","2e65c7d6c56e0fa3c994e9eb8e6685409d84bc3e4d198ea462fa78e06c1c0932"
"md","template-market","bmm","bmad/bmm/workflows/1-analysis/research/template-market.md","e5e59774f57b2f9b56cb817c298c02965b92c7d00affbca442366638cd74d9ca"
"md","template-technical","bmm","bmad/bmm/workflows/1-analysis/research/template-technical.md","78caa56ba6eb6922925e5aab4ed4a8245fe744b63c245be29a0612135851f4ca"
"md","test-architecture","bmm","bmad/bmm/docs/test-architecture.md","231473caba99b56d3e4bddde858405246786ffb44bff102bdd09e9f9b2f0da8d"
"md","test-design-template","bmm","bmad/bmm/workflows/testarch/test-design/test-design-template.md","0902ec300d59458bcfc2df24da2622b607b557f26e6d407e093b7c7dbc515ba5"
"md","test-healing-patterns","bmm","bmad/bmm/testarch/knowledge/test-healing-patterns.md","b44f7db1ebb1c20ca4ef02d12cae95f692876aee02689605d4b15fe728d28fdf"
"md","test-levels-framework","bmm","bmad/bmm/testarch/knowledge/test-levels-framework.md","80bbac7959a47a2e7e7de82613296f906954d571d2d64ece13381c1a0b480237"
"md","test-priorities-matrix","bmm","bmad/bmm/testarch/knowledge/test-priorities-matrix.md","321c3b708cc19892884be0166afa2a7197028e5474acaf7bc65c17ac861964a5"
"md","test-quality","bmm","bmad/bmm/testarch/knowledge/test-quality.md","97b6db474df0ec7a98a15fd2ae49671bb8e0ddf22963f3c4c47917bb75c05b90"
"md","test-review-template","bmm","bmad/bmm/workflows/testarch/test-review/test-review-template.md","3e68a73c48eebf2e0b5bb329a2af9e80554ef443f8cd16652e8343788f249072"
"md","timing-debugging","bmm","bmad/bmm/testarch/knowledge/timing-debugging.md","c4c87539bbd3fd961369bb1d7066135d18c6aad7ecd70256ab5ec3b26a8777d9"
"md","trace-template","bmm","bmad/bmm/workflows/testarch/trace/trace-template.md","5453a8e4f61b294a1fc0ba42aec83223ae1bcd5c33d7ae0de6de992e3ee42b43"
"md","user-story-template","bmm","bmad/bmm/workflows/2-plan-workflows/tech-spec/user-story-template.md","4b179d52088745060991e7cfd853da7d6ce5ac0aa051118c9cecea8d59bdaf87"
"md","ux-design-template","bmm","bmad/bmm/workflows/2-plan-workflows/create-ux-design/ux-design-template.md","f9b8ae0fe08c6a23c63815ddd8ed43183c796f266ffe408f3426af1f13b956db"
"md","ux-designer","bmm","bmad/bmm/agents/ux-designer.md","8dd16e05e3bfe47dae80d7ae2a0caa7070fb0f0dedb506af70170c8ea0b63c11"
"md","visual-debugging","bmm","bmad/bmm/testarch/knowledge/visual-debugging.md","072a3d30ba6d22d5e628fc26a08f6e03f8b696e49d5a4445f37749ce5cd4a8a9"
"md","workflow-architecture-reference","bmm","bmad/bmm/docs/workflow-architecture-reference.md","36efd4e3d74d1739455e896e62b7711bf4179c572f1eef7a7fae7f2385adcc6d"
"md","workflow-document-project-reference","bmm","bmad/bmm/docs/workflow-document-project-reference.md","ae07462c68758985b4f84183d0921453c08e23fe38b0fa1a67d5e3a9f23f4c50"
"md","workflows-analysis","bmm","bmad/bmm/docs/workflows-analysis.md","4dd00c829adcf881ecb96e083f754a4ce109159cfdaff8a5a856590ba33f1d74"
"md","workflows-implementation","bmm","bmad/bmm/docs/workflows-implementation.md","4b80c0afded7e643692990dcf2283b4b4250377b5f87516a86d4972de483c4b0"
"md","workflows-planning","bmm","bmad/bmm/docs/workflows-planning.md","3daeb274ad2564f8b1d109f78204b146a004c9edce6e7844ffa30da5a7e98066"
"md","workflows-solutioning","bmm","bmad/bmm/docs/workflows-solutioning.md","933a8d9da5e4378506d8539e1b74bb505149eeecdd8be9f4e8ccc98a282d0e4c"
"svg","workflow-method-greenfield","bmm","bmad/bmm/docs/images/workflow-method-greenfield.svg","fb20cc12c35e6b93bb2b8f9e95b4f1891d4c080f39c38c047180433dfd51ed46"
"xml","context-template","bmm","bmad/bmm/workflows/4-implementation/story-context/context-template.xml","582374f4d216ba60f1179745b319bbc2becc2ac92d7d8a19ac3273381a5c2549"
"yaml","analyst.agent","bmm","bmad/bmm/agents/analyst.agent.yaml",""
"yaml","architect.agent","bmm","bmad/bmm/agents/architect.agent.yaml",""
"yaml","architecture-patterns","bmm","bmad/bmm/workflows/3-solutioning/architecture/architecture-patterns.yaml","00b9878fd753b756eec16a9f416b4975945d6439e1343673540da4bccb0b83f5"
"yaml","config","bmm","bmad/bmm/config.yaml","4bc95c29bf66da98f4012397a483d299c4eb48563e6771c254f0911a161a47d4"
"yaml","decision-catalog","bmm","bmad/bmm/workflows/3-solutioning/architecture/decision-catalog.yaml","f7fc2ed6ec6c4bd78ec808ad70d24751b53b4835e0aad1088057371f545d3c82"
"yaml","deep-dive","bmm","bmad/bmm/workflows/document-project/workflows/deep-dive.yaml","c401fb8d94ca96f3bb0ccc1146269e1bfa4ce4eadab52bd63c7fcff6c2f26216"
"yaml","dev.agent","bmm","bmad/bmm/agents/dev.agent.yaml",""
"yaml","enterprise-brownfield","bmm","bmad/bmm/workflows/workflow-status/paths/enterprise-brownfield.yaml","26b8700277c1f1ac278cc292dbcdd8bc96850c68810d2f51d197437560a30c92"
"yaml","enterprise-greenfield","bmm","bmad/bmm/workflows/workflow-status/paths/enterprise-greenfield.yaml","ab16f64719de6252ba84dfbb39aea2529a22ee5fa68e5faa67d4b8bbeaf7c371"
"yaml","excalidraw-templates","bmm","bmad/bmm/workflows/diagrams/_shared/excalidraw-templates.yaml","ca6e4ae85b5ab16df184ce1ddfdf83b20f9540db112ebf195cb793017f014a70"
"yaml","full-scan","bmm","bmad/bmm/workflows/document-project/workflows/full-scan.yaml","3d2e620b58902ab63e2d83304180ecd22ba5ab07183b3afb47261343647bde6f"
"yaml","github-actions-template","bmm","bmad/bmm/workflows/testarch/ci/github-actions-template.yaml","28c0de7c96481c5a7719596c85dd0ce8b5dc450d360aeaa7ebf6294dcf4bea4c"
"yaml","gitlab-ci-template","bmm","bmad/bmm/workflows/testarch/ci/gitlab-ci-template.yaml","bc83b9240ad255c6c2a99bf863b9e519f736c99aeb4b1e341b07620d54581fdc"
"yaml","injections","bmm","bmad/bmm/workflows/1-analysis/research/claude-code/injections.yaml","dd6dd6e722bf661c3c51d25cc97a1e8ca9c21d517ec0372e469364ba2cf1fa8b"
"yaml","method-brownfield","bmm","bmad/bmm/workflows/workflow-status/paths/method-brownfield.yaml","ccfa4631f8759ba7540df10a03ca44ecf02996da97430106abfcc418d1af87a5"
"yaml","method-greenfield","bmm","bmad/bmm/workflows/workflow-status/paths/method-greenfield.yaml","1a6fb41f79e51fa0bbd247c283f44780248ef2c207750d2c9b45e8f86531f080"
"yaml","pm.agent","bmm","bmad/bmm/agents/pm.agent.yaml",""
"yaml","project-levels","bmm","bmad/bmm/workflows/workflow-status/project-levels.yaml","414b9aefff3cfe864e8c14b55595abfe3157fd20d9ee11bb349a2b8c8e8b5449"
"yaml","quick-flow-brownfield","bmm","bmad/bmm/workflows/workflow-status/paths/quick-flow-brownfield.yaml","0d8837a07efaefe06b29c1e58fee982fafe6bbb40c096699bd64faed8e56ebf8"
"yaml","quick-flow-greenfield","bmm","bmad/bmm/workflows/workflow-status/paths/quick-flow-greenfield.yaml","c6eae1a3ef86e87bd48a285b11989809526498dc15386fa949279f2e77b011d5"
"yaml","sm.agent","bmm","bmad/bmm/agents/sm.agent.yaml",""
"yaml","sprint-status-template","bmm","bmad/bmm/workflows/4-implementation/sprint-planning/sprint-status-template.yaml","1b9f6bc7955c9caedfc14e0bbfa01e3f4fd5f720a91142fb6e9027431f965a48"
"yaml","tea.agent","bmm","bmad/bmm/agents/tea.agent.yaml",""
"yaml","team-fullstack","bmm","bmad/bmm/teams/team-fullstack.yaml","3bc35195392607b6298c36a7f1f7cb94a8ac0b0e6febe61f745009a924caee7c"
"yaml","tech-writer.agent","bmm","bmad/bmm/agents/tech-writer.agent.yaml",""
"yaml","ux-designer.agent","bmm","bmad/bmm/agents/ux-designer.agent.yaml",""
"yaml","workflow","bmm","bmad/bmm/workflows/1-analysis/brainstorm-project/workflow.yaml","38d859ea65db2cc2eebb0dbf1679711dad92710d8da2c2d9753b852055abd970"
"yaml","workflow","bmm","bmad/bmm/workflows/1-analysis/domain-research/workflow.yaml","919fb482ff0d94e836445f0321baea2426c30207eb01c899aa977e8bcc7fcac7"
"yaml","workflow","bmm","bmad/bmm/workflows/1-analysis/product-brief/workflow.yaml","4dbd4969985af241fea608811af4391bfcfd824d49e0c41ee46aa630116681d9"
"yaml","workflow","bmm","bmad/bmm/workflows/1-analysis/research/workflow.yaml","3489d4989ad781f67909269e76b439122246d667d771cbb64988e4624ee2572a"
"yaml","workflow","bmm","bmad/bmm/workflows/2-plan-workflows/create-ux-design/workflow.yaml","e640ee7ccdb60a3a49b58faff1c99ad3ddcacb8580b059285918d403addcc9cd"
"yaml","workflow","bmm","bmad/bmm/workflows/2-plan-workflows/prd/workflow.yaml","a6b8d830f1bddb5823ef00f23f3ca4d6a143bbc090168925c0e0de48e2da4204"
"yaml","workflow","bmm","bmad/bmm/workflows/2-plan-workflows/tech-spec/workflow.yaml","3971c1c6e6ebca536e4667f226387ac9068c6e7f5ee9417445774bfc2481aa20"
"yaml","workflow","bmm","bmad/bmm/workflows/3-solutioning/architecture/workflow.yaml","f0b5f401122a2e899c653cea525b177ceb3291a44d2375b0cd95b9f57af23e6a"
"yaml","workflow","bmm","bmad/bmm/workflows/3-solutioning/create-epics-and-stories/workflow.yaml","a54f6db30334418438d5ecc23fffeeae7e3bf5f83694ef8c1fc980e23d855e4c"
"yaml","workflow","bmm","bmad/bmm/workflows/3-solutioning/implementation-readiness/workflow.yaml","e2867da72a2769247c6b1588b76701b36e49b263e26c2949a660829792ac40e2"
"yaml","workflow","bmm","bmad/bmm/workflows/4-implementation/code-review/workflow.yaml","f933eb1f31c8acf143e6e2c10ae7b828cd095b101d1dfa27a20678878a914bbc"
"yaml","workflow","bmm","bmad/bmm/workflows/4-implementation/correct-course/workflow.yaml","53bc0f2bc058cabf28febb603fd9be5d1171f6c8db14715ab65e7a0798bde696"
"yaml","workflow","bmm","bmad/bmm/workflows/4-implementation/create-story/workflow.yaml","11c3eaa0a9d8e20d6943bb6f61386ca62b83627b93c67f880b210bcc52cf381f"
"yaml","workflow","bmm","bmad/bmm/workflows/4-implementation/dev-story/workflow.yaml","540c72d6b499413c898bdc4186001a123079cc098a2fa48a6b6adbf72d9f59a4"
"yaml","workflow","bmm","bmad/bmm/workflows/4-implementation/epic-tech-context/workflow.yaml","33004b358aec14166877a1ae29c032b3a571c8534edd5cd167b25533d2d0e81d"
"yaml","workflow","bmm","bmad/bmm/workflows/4-implementation/retrospective/workflow.yaml","f9ccda4e0e7728797ce021f5ae40e5d5632450453471d932a8b7577c600f9434"
"yaml","workflow","bmm","bmad/bmm/workflows/4-implementation/sprint-planning/workflow.yaml","da7d8d4ff8427c866b094821a50e6d6a7c75bf9a51da613499616cee0b4d1a3c"
"yaml","workflow","bmm","bmad/bmm/workflows/4-implementation/story-context/workflow.yaml","3e1337755cd33126d8bf85de32fb9d0a4f2725dec44965f770c34a163430827b"
"yaml","workflow","bmm","bmad/bmm/workflows/4-implementation/story-done/workflow.yaml","c55568088bbbc6d4c3c3c19a2428d670bbdd87166ad100a0bd983bda9914e33c"
"yaml","workflow","bmm","bmad/bmm/workflows/4-implementation/story-ready/workflow.yaml","a4a322305f77a73bc265af81d124129f13457f0aceda535adda86efc3d538bcb"
"yaml","workflow","bmm","bmad/bmm/workflows/diagrams/create-dataflow/workflow.yaml","58e9c6b6c99e68d166ec3491ae3299d9f662480da39b5f21afa5bf7ccc82d7ad"
"yaml","workflow","bmm","bmad/bmm/workflows/diagrams/create-diagram/workflow.yaml","4ae7bb7fe57d40ef357ff74732ac672e2094691ae5f4a67515bf37c504604c4a"
"yaml","workflow","bmm","bmad/bmm/workflows/diagrams/create-flowchart/workflow.yaml","fde7e2dc8920839f0ad7012520fcbabf4fda004c38de546d891a987a29694e57"
"yaml","workflow","bmm","bmad/bmm/workflows/diagrams/create-wireframe/workflow.yaml","511a7d17d13c5cbc57a1d2c3f73d1a79b2952aa40242f3c6d1117901bb5c495b"
"yaml","workflow","bmm","bmad/bmm/workflows/document-project/workflow.yaml","219333bb489c0aa0b2538a4801a381502a9f581839889262f6ef102ea4d54be7"
"yaml","workflow","bmm","bmad/bmm/workflows/testarch/atdd/workflow.yaml","e0c095c8844f0a92f961e3570d5887b8a7be39a6a2e8c7c449f13eb9cf3e0fb9"
"yaml","workflow","bmm","bmad/bmm/workflows/testarch/automate/workflow.yaml","b7b3d6552f8d3e2a0d9243fca27e30ad5103e38798fadd02b6b376b3f0532aac"
"yaml","workflow","bmm","bmad/bmm/workflows/testarch/ci/workflow.yaml","d8d59916c937fef9ee5e2c454cfa0cda33e58d21b211d562a05681587b8fdde0"
"yaml","workflow","bmm","bmad/bmm/workflows/testarch/framework/workflow.yaml","2774679175fed88d0ef21be44418a26a82a5b9d1aa08c906373a638e7877d523"
"yaml","workflow","bmm","bmad/bmm/workflows/testarch/nfr-assess/workflow.yaml","dad49221c4dcb4e1fbcc118b5caae13c63a050412e402ff65b6971cfab281fe3"
"yaml","workflow","bmm","bmad/bmm/workflows/testarch/test-design/workflow.yaml","494d12c966022969c74caeb336e80bb0fce05f0bb4f83581ab7111e9f6f0596d"
"yaml","workflow","bmm","bmad/bmm/workflows/testarch/test-review/workflow.yaml","c5e272f9969b704aa56b83a22f727fa2188490d7f6e347bc65966e0513eefa96"
"yaml","workflow","bmm","bmad/bmm/workflows/testarch/trace/workflow.yaml","841eec77aba6490ba5672ac2c01ce570c38011e94574d870e8ba15bba78509f4"
"yaml","workflow","bmm","bmad/bmm/workflows/workflow-status/init/workflow.yaml","3f54117211a421790df59c6c0a15d6ba6be33a001489d013870f939aaa649436"
"yaml","workflow","bmm","bmad/bmm/workflows/workflow-status/workflow.yaml","6a1ad67ec954660fd8e7433b55ab3b75e768f7efa33aad36cf98cdbc2ef6575b"
"yaml","workflow-status-template","bmm","bmad/bmm/workflows/workflow-status/workflow-status-template.yaml","0ec9c95f1690b7b7786ffb4ab10663c93b775647ad58e283805092e1e830a0d9"
"csv","adv-elicit-methods","core","bmad/core/tasks/adv-elicit-methods.csv","b4e925870f902862899f12934e617c3b4fe002d1b652c99922b30fa93482533b"
"csv","advanced-elicitation-methods","core","bmad/core/tasks/advanced-elicitation-methods.csv","a8fe633e66471b69224ec2ee67c6bb2480c33c6fa9d416f672e3a5620ec5f33b"
"csv","brain-methods","core","bmad/core/workflows/brainstorming/brain-methods.csv","ecffe2f0ba263aac872b2d2c95a3f7b1556da2a980aa0edd3764ffb2f11889f3"
"md","bmad-master","core","bmad/core/agents/bmad-master.md","684b7872611e5979fbe420e0c96e9910355e181b49aed0317d872381e154e299"
"md","excalidraw-helpers","core","bmad/core/resources/excalidraw/excalidraw-helpers.md","37f18fa0bd15f85a33e7526a2cbfe1d5a9404f8bcb8febc79b782361ef790de4"
"md","instructions","core","bmad/core/workflows/brainstorming/instructions.md","fb4757564c03e1624e74f6ee344b286db3c2f7db23d2a8007152d807304cd3a6"
"md","instructions","core","bmad/core/workflows/party-mode/instructions.md","768a835653fea54cbf4f7136e19f968add5ccf4b1dbce5636c5268d74b1b7181"
"md","library-loader","core","bmad/core/resources/excalidraw/library-loader.md","7c9637a8467718035257bcc7a8733c31d59dc7396b48b60200913731a17cb666"
"md","README","core","bmad/core/resources/excalidraw/README.md","a188224350e2400410eb52b7d7a36b1ee39d2ea13be1b58b231845f6bc37f21b"
"md","README","core","bmad/core/workflows/brainstorming/README.md","57564ec8cb336945da8b7cab536076c437ff6c61a628664964058c76f4cd1360"
"md","template","core","bmad/core/workflows/brainstorming/template.md","f2fe173a1a4bb1fba514652b314e83f7d78c68d09fb68071f9c2e61ee9f61576"
"md","validate-json-instructions","core","bmad/core/resources/excalidraw/validate-json-instructions.md","0970bac93d52b4ee591a11998a02d5682e914649a40725d623489c77f7a1e449"
"xml","advanced-elicitation","core","bmad/core/tasks/advanced-elicitation.xml","afb4020a20d26c92a694b77523426915b6e9665afb80ef5f76aded7f1d626ba6"
"xml","bmad-web-orchestrator.agent","core","bmad/core/agents/bmad-web-orchestrator.agent.xml","2c2c3145d2c54ef40e1aa58519ae652fc2f63cb80b3e5236d40019e177853e0e"
"xml","index-docs","core","bmad/core/tasks/index-docs.xml","c6a9d79628fd1246ef29e296438b238d21c68f50eadb16219ac9d6200cf03628"
"xml","shard-doc","core","bmad/core/tools/shard-doc.xml","a0ddae908e440be3f3f40a96f7b288bcbf9fa3f8dc45d22814a957e807d2bedc"
"xml","validate-workflow","core","bmad/core/tasks/validate-workflow.xml","63580411c759ee317e58da8bda6ceba27dbf9d3742f39c5c705afcd27361a9ee"
"xml","workflow","core","bmad/core/tasks/workflow.xml","dcf69e99ec2996b85da1de9fac3715ae5428270d07817c40f04ae880fcc233fc"
"yaml","bmad-master.agent","core","bmad/core/agents/bmad-master.agent.yaml",""
"yaml","config","core","bmad/core/config.yaml","45d7dd7686fed98c1f89a2bff8cd938df8494189513f66357c0520376275d2ee"
"yaml","workflow","core","bmad/core/workflows/brainstorming/workflow.yaml","93b452218ce086c72b95685fd6d007a0f5c5ebece1d5ae4e1e9498623f53a424"
"yaml","workflow","core","bmad/core/workflows/party-mode/workflow.yaml","1dcab5dc1d3396a16206775f2ee47f1ccb73a230c223c89de23ea1790ceaa3b7"
